{"cameraMode":{"drawMode":0,"name":"Shaded","section":"Shading Mode"},"sceneLighting":false,"audioPlay":false,"sceneViewState":{"showFog":false,"showMaterialUpdate":false,"showSkybox":false,"showFlares":false,"showImageEffects":false,"showParticleSystems":false},"in2DMode":false,"pivot":{"x":970.935302734375,"y":595.6853637695313,"z":104.35521697998047},"rotation":{"x":0.14787916839122773,"y":-0.6745718717575073,"z":0.14060978591442109,"w":0.709446907043457},"size":3.884904146194458,"orthographic":false}