{"cameraMode":{"drawMode":0,"name":"Shaded","section":"Shading Mode"},"sceneLighting":false,"audioPlay":false,"sceneViewState":{"showFog":false,"showMaterialUpdate":false,"showSkybox":false,"showFlares":false,"showImageEffects":false,"showParticleSystems":false},"in2DMode":false,"pivot":{"x":0.06599998474121094,"y":0.0,"z":0.4099999666213989},"rotation":{"x":0.04672909528017044,"y":0.9209349155426025,"z":-0.3689013719558716,"w":0.11665583401918411},"size":2.857884645462036,"orthographic":true}