{"cameraMode":{"drawMode":0,"name":"Shaded","section":"Shading Mode"},"sceneLighting":false,"audioPlay":false,"sceneViewState":{"showFog":false,"showMaterialUpdate":false,"showSkybox":false,"showFlares":false,"showImageEffects":false,"showParticleSystems":false},"in2DMode":false,"pivot":{"x":804.6077880859375,"y":594.4153442382813,"z":66.17311096191406},"rotation":{"x":0.18905258178710938,"y":0.6654041409492493,"z":-0.17986387014389039,"w":0.6993917226791382},"size":377.8809509277344,"orthographic":false}