{"cameraMode":{"drawMode":0,"name":"Shaded","section":"Shading Mode"},"sceneLighting":false,"audioPlay":false,"sceneViewState":{"showFog":false,"showMaterialUpdate":false,"showSkybox":false,"showFlares":false,"showImageEffects":false,"showParticleSystems":false},"in2DMode":false,"pivot":{"x":1.0534029006958008,"y":6.860421180725098,"z":0.25354862213134768},"rotation":{"x":0.12915460765361787,"y":0.7064027190208435,"z":-0.13360269367694856,"w":0.6830716729164124},"size":29.620248794555665,"orthographic":false}