{"cameraMode":{"drawMode":0,"name":"Shaded","section":"Shading Mode"},"sceneLighting":false,"audioPlay":false,"sceneViewState":{"showFog":true,"showMaterialUpdate":false,"showSkybox":false,"showFlares":true,"showImageEffects":true,"showParticleSystems":true},"in2DMode":false,"pivot":{"x":193.643310546875,"y":14.901656150817871,"z":29.203624725341798},"rotation":{"x":0.0014999978011474014,"y":0.001499998033978045,"z":-0.0000022499407350551339,"w":0.9999979138374329},"size":15.508173942565918,"orthographic":false}