{"cameraMode":{"drawMode":0,"name":"Shaded","section":"Shading Mode"},"sceneLighting":false,"audioPlay":false,"sceneViewState":{"showFog":true,"showMaterialUpdate":false,"showSkybox":false,"showFlares":true,"showImageEffects":true,"showParticleSystems":true},"in2DMode":false,"pivot":{"x":-123.48677825927735,"y":-4.908683776855469,"z":315.5876159667969},"rotation":{"x":0.05312257632613182,"y":-0.34776321053504946,"z":0.019735537469387056,"w":0.9358946681022644},"size":277.9472961425781,"orthographic":false}