{"cameraMode":{"drawMode":0,"name":"Shaded","section":"Shading Mode"},"sceneLighting":false,"audioPlay":false,"sceneViewState":{"showFog":true,"showMaterialUpdate":false,"showSkybox":false,"showFlares":true,"showImageEffects":true,"showParticleSystems":true},"in2DMode":false,"pivot":{"x":0.07243895530700684,"y":2.3454043865203859,"z":0.21999311447143556},"rotation":{"x":0.0014999978011474014,"y":0.001499998033978045,"z":-0.0000022499407350551339,"w":0.9999979138374329},"size":9.705673217773438,"orthographic":false}