{"cameraMode":{"drawMode":0,"name":"Shaded","section":"Shading Mode"},"sceneLighting":false,"audioPlay":false,"sceneViewState":{"showFog":true,"showMaterialUpdate":false,"showSkybox":false,"showFlares":true,"showImageEffects":true,"showParticleSystems":true},"in2DMode":false,"pivot":{"x":178.60055541992188,"y":15.32668685913086,"z":28.006607055664064},"rotation":{"x":0.0014999978011474014,"y":0.001499998033978045,"z":-0.0000022499407350551339,"w":0.9999979138374329},"size":17.175962448120118,"orthographic":false}