{"cameraMode":{"drawMode":0,"name":"Shaded","section":"Shading Mode"},"sceneLighting":false,"audioPlay":false,"sceneViewState":{"showFog":true,"showMaterialUpdate":false,"showSkybox":false,"showFlares":true,"showImageEffects":true,"showParticleSystems":true},"in2DMode":false,"pivot":{"x":1151.2191162109375,"y":8.244132995605469,"z":948.4116821289063},"rotation":{"x":0.0014999978011474014,"y":0.001499998033978045,"z":-0.0000022499407350551339,"w":0.9999979138374329},"size":13.651342391967774,"orthographic":false}