{"cameraMode":{"drawMode":0,"name":"Shaded","section":"Shading Mode"},"sceneLighting":false,"audioPlay":false,"sceneViewState":{"showFog":true,"showMaterialUpdate":false,"showSkybox":false,"showFlares":true,"showImageEffects":true,"showParticleSystems":true},"in2DMode":false,"pivot":{"x":271.5876159667969,"y":22.631134033203126,"z":223.19732666015626},"rotation":{"x":0.1394030600786209,"y":0.10793701559305191,"z":-0.015276986174285412,"w":0.9842354655265808},"size":21.383724212646486,"orthographic":false}