{"cameraMode":{"drawMode":0,"name":"Shaded","section":"Shading Mode"},"sceneLighting":false,"audioPlay":false,"sceneViewState":{"showFog":true,"showMaterialUpdate":false,"showSkybox":false,"showFlares":true,"showImageEffects":true,"showParticleSystems":true},"in2DMode":false,"pivot":{"x":200.64889526367188,"y":14.274471282958985,"z":30.55778694152832},"rotation":{"x":0.0014999978011474014,"y":0.001499998033978045,"z":-0.0000022499407350551339,"w":0.9999979138374329},"size":12.115347862243653,"orthographic":false}