{"cameraMode":{"drawMode":0,"name":"Shaded","section":"Shading Mode"},"sceneLighting":false,"audioPlay":false,"sceneViewState":{"showFog":true,"showMaterialUpdate":false,"showSkybox":false,"showFlares":true,"showImageEffects":true,"showParticleSystems":true},"in2DMode":false,"pivot":{"x":786.1696166992188,"y":186.36004638671876,"z":741.9031372070313},"rotation":{"x":-0.20171396434307099,"y":0.15701651573181153,"z":-0.03277962654829025,"w":-0.9662218689918518},"size":1535.406494140625,"orthographic":false}