{"cameraMode":{"drawMode":0,"name":"Shaded","section":"Shading Mode"},"sceneLighting":false,"audioPlay":false,"sceneViewState":{"showFog":true,"showMaterialUpdate":false,"showSkybox":false,"showFlares":true,"showImageEffects":true,"showParticleSystems":true},"in2DMode":false,"pivot":{"x":750.4043579101563,"y":287.31768798828127,"z":-1.2173292636871338},"rotation":{"x":-0.03368353843688965,"y":0.9630897045135498,"z":-0.14438433945178986,"w":-0.224687859416008},"size":21.216846466064454,"orthographic":false}