{"cameraMode":{"drawMode":0,"name":"Shaded","section":"Shading Mode"},"sceneLighting":false,"audioPlay":false,"sceneViewState":{"showFog":true,"showMaterialUpdate":false,"showSkybox":false,"showFlares":true,"showImageEffects":true,"showParticleSystems":true},"in2DMode":false,"pivot":{"x":-6.958678722381592,"y":18.37258529663086,"z":4.6487627029418949},"rotation":{"x":-0.04028381034731865,"y":0.6453039050102234,"z":-0.034110113978385928,"w":-0.7621052265167236},"size":21.215776443481447,"orthographic":false}