{"cameraMode":{"drawMode":0,"name":"Shaded","section":"Shading Mode"},"sceneLighting":false,"audioPlay":false,"sceneViewState":{"showFog":true,"showMaterialUpdate":false,"showSkybox":false,"showFlares":true,"showImageEffects":true,"showParticleSystems":true},"in2DMode":false,"pivot":{"x":1210.837890625,"y":276.91937255859377,"z":58.55772018432617},"rotation":{"x":-0.07796739786863327,"y":0.7846434712409973,"z":-0.10083428025245667,"w":-0.6067039966583252},"size":47.232276916503909,"orthographic":false}