{"cameraMode":{"drawMode":0,"name":"Shaded","section":"Shading Mode"},"sceneLighting":false,"audioPlay":false,"sceneViewState":{"showFog":true,"showMaterialUpdate":false,"showSkybox":false,"showFlares":true,"showImageEffects":true,"showParticleSystems":true},"in2DMode":false,"pivot":{"x":193.643310546875,"y":14.901656150817871,"z":29.203624725341798},"rotation":{"x":-0.18452651798725129,"y":0.44574761390686037,"z":-0.09445319324731827,"w":-0.8708257079124451},"size":15.508173942565918,"orthographic":false}