{"cameraMode":{"drawMode":0,"name":"Shaded","section":"Shading Mode"},"sceneLighting":false,"audioPlay":false,"sceneViewState":{"showFog":true,"showMaterialUpdate":false,"showSkybox":false,"showFlares":true,"showImageEffects":true,"showParticleSystems":true},"in2DMode":false,"pivot":{"x":799.4398193359375,"y":242.78912353515626,"z":-14.049059867858887},"rotation":{"x":0.0029996500816196205,"y":0.01499935518950224,"z":-0.00004499897113419138,"w":0.9998832941055298},"size":916.2020263671875,"orthographic":false}